{"train-loss": 7.58125, "learning-rate": 0.00010000024922608902, "_timestamp": 1701231446.217264, "_runtime": 93.58169603347778, "_step": 1999, "val-loss": 7.571337599403578, "val-perplexity": 1941.735809944445, "_wandb": {"runtime": 92}}