{"train-loss": 4.834375, "learning-rate": 0.00045936170349288757, "_timestamp": 1701312953.7113192, "_runtime": 2670.7457201480865, "_step": 38938, "_wandb": {"runtime": 2670}}