{"train-loss": 6.5015625, "learning-rate": 0.0004999876499975997, "_timestamp": 1701313759.1209428, "_runtime": 107.81359791755676, "_step": 1652, "_wandb": {"runtime": 107}}