{"val-loss": 4.524395081916339, "val-perplexity": 92.24011123740564, "_timestamp": 1701314209.0416105, "_runtime": 79.76587152481079, "_step": 0, "_wandb": {"runtime": 79}}