{"train-loss": 7.0890625, "learning-rate": 0.00010432682446654842, "_timestamp": 1701232027.432798, "_runtime": 320.7929298877716, "_step": 1868, "_wandb": {"runtime": 320}}