{
  "val-loss": 4.1652784003586065,
  "val-perplexity": 64.41061188501197
}