{
  "val-loss": 4.524395081916339,
  "val-perplexity": 92.24011123740564
}