{"train-loss": 5.7703125, "learning-rate": 0.0004999127537343698, "_timestamp": 1701315896.546282, "_runtime": 177.61919403076172, "_step": 2733, "_wandb": {"runtime": 177}}