{
  "val-loss": 4.2983582543545085,
  "val-perplexity": 73.57889665247097
}