{
  "val-loss": 6.609175998695328,
  "val-perplexity": 741.871463736157
}